{
  "version": 1,
  "modes": {
    "kids": {
      "pose_baseline_torso_x": 0.4199933616651429,
      "pose_baseline_shoulder_y": 0.06839651491544727,
      "smoothed_lane": 1.0,
      "pose_baseline_left_wrist_y": 0.49748567475212946,
      "pose_baseline_right_wrist_y": 0.5457571751541561,
      "updated_epoch": 1772109821.049285
    },
    "elderly": {
      "pose_baseline_torso_x": 0.4917270814379056,
      "pose_baseline_shoulder_y": 0.40550709267457324,
      "smoothed_lane": 1.0,
      "pose_baseline_left_wrist_y": 0.595017655690511,
      "pose_baseline_right_wrist_y": 0.6028433190451727,
      "updated_epoch": 1772108855.61254
    },
    "disabled_leg": {
      "left_hand_rest_y": 0.5932621267106798,
      "right_hand_rest_y": 0.5795504013697307,
      "updated_epoch": 1772110074.559048
    },
    "disabled_hand": {
      "pose_baseline_torso_x": 0.5042506428228484,
      "pose_baseline_shoulder_y": 0.2574983411365085,
      "smoothed_lane": 1.0,
      "updated_epoch": 1772109255.617824
    }
  }
}