{
  "version": 1,
  "modes": {
    "kids": {
      "pose_baseline_torso_x": 0.5008460379309124,
      "pose_baseline_shoulder_y": 0.30644880963696375,
      "smoothed_lane": 1.0,
      "pose_baseline_left_wrist_y": 0.33699922892782425,
      "pose_baseline_right_wrist_y": 0.3591354615158505,
      "updated_epoch": 1772175870.704676
    },
    "elderly": {
      "pose_baseline_torso_x": 0.45004438079065745,
      "pose_baseline_shoulder_y": 0.2890562567445967,
      "smoothed_lane": 1.0,
      "pose_baseline_left_wrist_y": 0.45658240649435256,
      "pose_baseline_right_wrist_y": 0.6352966719203526,
      "updated_epoch": 1772175793.251943
    },
    "disabled_leg": {
      "left_hand_rest_y": 0.9078609294361538,
      "right_hand_rest_y": 0.8739929835001627,
      "updated_epoch": 1772179608.525487
    },
    "disabled_hand": {
      "pose_baseline_torso_x": 0.5606917328304715,
      "pose_baseline_shoulder_y": 0.4343231244219674,
      "smoothed_lane": 1.0,
      "updated_epoch": 1772176302.488377
    }
  }
}